,trans_date_trans_time,cc_num,merchant,category,amt,first,last,gender,street,city,state,zip,lat,long,city_pop,job,dob,trans_num,unix_time,merch_lat,merch_long,is_fraud,PREDICTED_FRAUD
0,2020-06-21 12:14:25,2291163933867244,fraud_Kirlin and Sons,personal_care,2.86,Jeff,Elliott,M,351 Darlene Green,Columbia,SC,29209,33.9659,-80.9355,333497,Mechanical engineer,1968-03-19,2da90c7d74bd46a0caf3777415b3ebd3,1371816865,33.986391,-81.200714,0,0
1,2020-06-21 12:14:33,3573030041201292,fraud_Sporer-Keebler,personal_care,29.84,Joanne,Williams,F,3638 Marsh Union,Altonah,UT,84002,40.3207,-110.436,302,"Sales professional, IT",1990-01-17,324cc204407e99f51b0d6ca0055005e7,1371816873,39.450498,-109.960431,0,0
2,2020-06-21 12:14:53,3598215285024754,"fraud_Swaniawski, Nitzsche and Welch",health_fitness,41.28,Ashley,Lopez,F,9333 Valentine Point,Bellmore,NY,11710,40.6729,-73.5365,34496,"Librarian, public",1970-10-21,c81755dbbbea9d5c77f094348a7579be,1371816893,40.49581,-74.196111,0,0
3,2020-06-21 12:15:15,3591919803438423,fraud_Haley Group,misc_pos,60.05,Brian,Williams,M,32941 Krystal Mill Apt. 552,Titusville,FL,32780,28.5697,-80.8191,54767,Set designer,1987-07-25,2159175b9efe66dc301f149d3d5abf8c,1371816915,28.812398,-80.883061,0,0
4,2020-06-21 12:15:17,3526826139003047,fraud_Johnston-Casper,travel,3.19,Nathan,Massey,M,5783 Evan Roads Apt. 465,Falmouth,MI,49632,44.2529,-85.01700000000001,1126,Furniture designer,1955-07-06,57ff021bd3f328f8738bb535c302a31b,1371816917,44.959148,-85.884734,0,0
5,2020-06-21 12:15:37,30407675418785,fraud_Daugherty LLC,kids_pets,19.55,Danielle,Evans,F,76752 David Lodge Apt. 064,Breesport,NY,14816,42.1939,-76.7361,520,Psychotherapist,1991-10-13,798db04aaceb4febd084f1a7c404da93,1371816937,41.747157,-77.584197,0,0
6,2020-06-21 12:15:44,213180742685905,fraud_Romaguera Ltd,health_fitness,133.93,Kayla,Sutton,F,010 Weaver Land,Carlotta,CA,95528,40.507,-123.9743,1139,"Therapist, occupational",1951-01-15,17003d7ce534440eadb10c4750e020e5,1371816944,41.499458,-124.888729,0,0
7,2020-06-21 12:15:50,3589289942931264,fraud_Reichel LLC,personal_care,10.37,Paula,Estrada,F,350 Stacy Glens,Spencer,SD,57374,43.7557,-97.5936,343,"Development worker, international aid",1972-03-05,8be473af4f05fc6146ea55ace73e7ca2,1371816950,44.495498,-97.728453,0,0
8,2020-06-21 12:16:10,3596357274378601,"fraud_Goyette, Howell and Collier",shopping_pos,4.37,David,Everett,M,4138 David Fall,Morrisdale,PA,16858,41.0001,-78.2357,3688,Advice worker,1973-05-27,71a1da150d1ce510193d7622e08e784e,1371816970,41.546067,-78.120238,0,0
9,2020-06-21 12:16:11,3546897637165774,fraud_Kilback Group,food_dining,66.54,Kayla,Obrien,F,7921 Robert Port Suite 343,Prairie Hill,TX,76678,31.6591,-96.8094,263,Barrister,1956-05-30,a7915132c7c4240996ba03a47f81e3bd,1371816971,31.782919,-96.366185,0,0
10,2020-06-21 12:16:20,2242542703101233,"fraud_Feil, Hilpert and Koss",food_dining,7.01,Samuel,Jenkins,M,43235 Mckenzie Views Apt. 837,Westport,KY,40077,38.4921,-85.4524,564,Pensions consultant,1996-04-10,3b8e4d02d9e1a3bf97cf449eb0317f2c,1371816980,38.977546,-84.727994,0,0
11,2020-06-21 12:16:47,571465035400,fraud_Gottlieb Group,kids_pets,42.4,Louis,Fisher,M,45654 Hess Rest,Fort Washakie,WY,82514,43.0048,-108.8964,1645,Freight forwarder,1976-02-26,fa3071565d94fb286cb0ed398c6d61d3,1371817007,42.687774,-108.670054,0,0
12,2020-06-21 12:17:21,6593250708747804,fraud_Connelly-Carter,home,2.91,Melissa,Meza,F,244 Abbott Parkway,Loxahatchee,FL,33470,26.7383,-80.27600000000001,26551,Paramedic,1977-01-04,a21cb82e7d8fdbf4062f15c9422a4ca6,1371817041,26.07846,-80.569932,0,0
13,2020-06-21 12:18:27,4988304376504,fraud_Bechtelar-Rippin,food_dining,7.93,William,Thompson,M,977 Rita Grove Apt. 000,Rock Tavern,NY,12575,41.4575,-74.1659,2258,Building surveyor,1937-03-17,d0d2b5cca5ae19e0a07dc7ef5d51e59e,1371817107,40.71168,-73.668384,0,0
14,2020-06-21 12:18:37,6011504998544485,fraud_Lubowitz-Walter,kids_pets,2.91,Ashley,Whitney,F,4038 Smith Avenue,Jones,AL,36749,32.5104,-86.8138,1089,Materials engineer,1971-11-02,61dca41a9728ea5fd6db99efd59768f8,1371817117,32.721131,-87.253846,0,0
15,2020-06-21 12:18:41,4570636521433188,"fraud_Welch, Rath and Koepp",entertainment,24.73,Christine,Leblanc,F,5097 Jodi Vista Suite 811,Deltona,FL,32725,28.8989,-81.2473,88735,Commercial horticulturist,1988-04-09,ea11379e8aa1b08d584149d65770faee,1371817121,29.83155,-80.926829,0,0
16,2020-06-21 12:18:54,4906628655840914250,fraud_Hickle Group,shopping_pos,2.33,Charles,Moreno,M,838 Franklin Prairie Apt. 902,Key West,FL,33040,24.6557,-81.3824,32891,Town planner,1987-02-13,00da72495351ce6bd9ecb75d51cca89b,1371817134,24.306325,-81.065169,0,0
17,2020-06-21 12:19:50,4908846471916297,"fraud_Lang, Towne and Schuppe",kids_pets,16.6,Lauren,Torres,F,03030 White Lakes,Grandview,TX,76050,32.2779,-97.2351,5875,"Radiographer, therapeutic",1992-07-24,67288141e8206f6f49706c1cef5b75d3,1371817190,33.182349,-97.919284,0,0
18,2020-06-21 12:19:56,4861310130652566408,fraud_Morissette LLC,entertainment,80.11,Ashley,Cruz,F,65417 Walsh Radial Suite 691,Saint Amant,LA,70774,30.2385,-90.8435,10076,"Surveyor, rural practice",1977-12-16,71bb6ee81f9af4d2a38bf6af2b614708,1371817196,30.449990000000003,-89.930996,0,0
19,2020-06-21 12:20:13,6538441737335434,fraud_Prosacco LLC,personal_care,5.71,Gina,Grimes,F,444 Robert Mews,Clarks Mills,PA,16114,41.3851,-80.1752,606,Energy manager,1997-09-22,2d7640ea4f3bcd520a3c33200c393dd8,1371817213,40.508064000000005,-79.615158,0,0
